sequence_length_N,method,latency_ms,peak_vram_mb,throughput_tokens_sec,associative_recall_acc,state_size_kb
1024,Linear Attention (ReLU+1),2.375,1.0,431201,0.123,16.0
1024,Gated DeltaNet,431.803,1.1,2371,0.965,16.0
1024,Softmax / SDPA (Exact),3.274,4.0,312753,1.0,256.0
2048,Linear Attention (ReLU+1),1.895,2.0,1080750,0.107,16.0
2048,Gated DeltaNet,690.841,2.1,2964,0.945,16.0
2048,Softmax / SDPA (Exact),17.558,16.0,116644,1.0,512.0
4096,Linear Attention (ReLU+1),5.477,4.0,747914,0.088,16.0
4096,Gated DeltaNet,14.788,4.2,276983,0.925,16.0
4096,Softmax / SDPA (Exact),25.006,64.0,163798,1.0,1024.0
8192,Linear Attention (ReLU+1),2.394,8.0,3421530,0.075,16.0
8192,Gated DeltaNet,12.928,8.4,633682,0.905,16.0
8192,Softmax / SDPA (Exact),84.276,32.0,97203,1.0,2048.0
16384,Linear Attention (ReLU+1),3.671,16.0,4462906,0.068,16.0
16384,Gated DeltaNet,39.647,16.8,413248,0.885,16.0
16384,Softmax / SDPA (Exact),348.369,32.0,47030,1.0,4096.0
