N,method,status,median_ms,q25_ms,q75_ms,n,extra_mem_mb,peak_total_mb
64,softmax (naive),ok,0.141,0.14,0.16,10,8.3,8.5
64,linear (ReLU+1),ok,0.452,0.44,0.48,10,8.4,8.6
64,sparse (local w=64),ok,0.252,0.24,0.27,10,8.3,8.5
64,flash/SDPA (exact),ok,0.057,0.06,0.06,10,8.2,8.4
256,softmax (naive),ok,0.171,0.17,0.18,10,10.4,11.2
256,linear (ReLU+1),ok,0.266,0.25,0.29,10,9.2,9.9
256,sparse (local w=64),ok,0.584,0.55,0.62,10,8.8,9.6
256,flash/SDPA (exact),ok,0.163,0.16,0.17,10,8.6,9.3
512,softmax (naive),ok,0.34,0.33,0.36,10,16.6,18.1
512,linear (ReLU+1),ok,0.41,0.4,0.43,10,10.2,11.7
512,sparse (local w=64),ok,1.139,1.05,1.19,10,9.2,10.7
512,flash/SDPA (exact),ok,0.304,0.3,0.31,10,9.1,10.6
1024,softmax (naive),ok,1.094,1.09,1.11,10,41.1,44.1
1024,linear (ReLU+1),ok,0.481,0.45,1.82,10,12.2,15.2
1024,sparse (local w=64),ok,4.0,3.91,4.48,10,10.2,13.2
1024,flash/SDPA (exact),ok,0.968,0.96,0.98,10,10.1,13.1
2048,softmax (naive),ok,3.305,3.3,3.31,10,138.1,144.1
2048,linear (ReLU+1),ok,0.583,0.57,0.61,10,16.2,22.2
2048,sparse (local w=64),ok,8.545,7.32,11.02,10,12.2,18.2
2048,flash/SDPA (exact),ok,3.636,3.64,3.65,10,12.1,18.1
4096,softmax (naive),ok,13.785,13.78,13.79,10,524.1,536.1
4096,linear (ReLU+1),ok,0.793,0.75,3.55,10,24.3,36.3
4096,sparse (local w=64),ok,34.261,27.03,37.82,10,16.2,28.2
4096,flash/SDPA (exact),ok,7.505,7.5,7.51,10,16.1,28.1
8192,softmax (naive),ok,39.943,39.35,40.27,10,2064.1,2088.1
8192,linear (ReLU+1),ok,1.419,1.42,1.59,10,40.3,64.3
8192,sparse (local w=64),ok,69.155,59.61,86.19,10,24.2,48.2
8192,flash/SDPA (exact),ok,22.601,22.22,22.7,10,24.1,48.1
16384,softmax (naive),ok,187.541,185.54,189.27,10,8216.1,8264.1
16384,linear (ReLU+1),ok,2.632,2.63,2.63,10,72.4,120.4
16384,sparse (local w=64),ok,30.617,30.42,31.02,10,40.2,88.2
16384,flash/SDPA (exact),ok,91.64,91.44,91.93,10,40.1,88.1
32768,softmax (naive),OOM,,,,0,,
32768,linear (ReLU+1),ok,4.248,4.24,4.25,10,136.7,232.7
32768,sparse (local w=64),ok,60.744,60.16,62.66,10,72.2,168.2
32768,flash/SDPA (exact),ok,372.191,371.41,372.93,10,72.1,168.1
65536,linear (ReLU+1),ok,8.446,8.44,8.46,10,265.2,457.2
65536,sparse (local w=64),ok,121.132,119.85,124.32,10,136.2,328.2
65536,flash/SDPA (exact),ok,1591.79,1583.51,1602.42,10,136.1,328.1
