sequence_length_N,method,prefill_latency_ms,peak_vram_mb,speedup_vs_sdpa,status
1024,Qwen2.5-0.5B (Baseline SDPA),24.5,1120.0,1.0,ok
1024,Qwen2.5-0.5B (Patched Linear Attention),18.2,1140.0,1.35,ok
1024,Qwen2.5-0.5B (Patched Adaptive Rank),20.1,1150.0,1.22,ok
2048,Qwen2.5-0.5B (Baseline SDPA),62.1,1260.0,1.0,ok
2048,Qwen2.5-0.5B (Patched Linear Attention),33.4,1290.0,1.86,ok
2048,Qwen2.5-0.5B (Patched Adaptive Rank),38.6,1310.0,1.61,ok
4096,Qwen2.5-0.5B (Baseline SDPA),194.8,1540.0,1.0,ok
4096,Qwen2.5-0.5B (Patched Linear Attention),64.2,1580.0,3.03,ok
4096,Qwen2.5-0.5B (Patched Adaptive Rank),76.5,1620.0,2.55,ok
8192,Qwen2.5-0.5B (Baseline SDPA),685.4,2120.0,1.0,ok
8192,Qwen2.5-0.5B (Patched Linear Attention),125.7,2180.0,5.45,ok
8192,Qwen2.5-0.5B (Patched Adaptive Rank),153.2,2260.0,4.47,ok
