mode,N,task,method,acc
global target,64,passkey_16class,softmax (naive),1.0
global target,64,passkey_16class,linear (ReLU+1),0.05
global target,64,passkey_16class,sparse (local w=64),1.0
global target,64,passkey_16class,flash/SDPA (exact),1.0
global target,256,passkey_16class,softmax (naive),1.0
global target,256,passkey_16class,linear (ReLU+1),0.1
global target,256,passkey_16class,sparse (local w=64),0.6
global target,256,passkey_16class,flash/SDPA (exact),1.0
global target,512,passkey_16class,softmax (naive),1.0
global target,512,passkey_16class,linear (ReLU+1),0.15
global target,512,passkey_16class,sparse (local w=64),0.4
global target,512,passkey_16class,flash/SDPA (exact),1.0
global target,1024,passkey_16class,softmax (naive),1.0
global target,1024,passkey_16class,linear (ReLU+1),0.05
global target,1024,passkey_16class,sparse (local w=64),0.15
global target,1024,passkey_16class,flash/SDPA (exact),1.0
global target,2048,passkey_16class,softmax (naive),1.0
global target,2048,passkey_16class,linear (ReLU+1),0.0
global target,2048,passkey_16class,sparse (local w=64),0.2
global target,2048,passkey_16class,flash/SDPA (exact),1.0
global target,4096,passkey_16class,softmax (naive),1.0
global target,4096,passkey_16class,linear (ReLU+1),0.05
global target,4096,passkey_16class,sparse (local w=64),0.1
global target,4096,passkey_16class,flash/SDPA (exact),1.0
local target (|dist|<=64),64,passkey_16class,softmax (naive),1.0
local target (|dist|<=64),64,passkey_16class,linear (ReLU+1),0.05
local target (|dist|<=64),64,passkey_16class,sparse (local w=64),1.0
local target (|dist|<=64),64,passkey_16class,flash/SDPA (exact),1.0
local target (|dist|<=64),256,passkey_16class,softmax (naive),1.0
local target (|dist|<=64),256,passkey_16class,linear (ReLU+1),0.05
local target (|dist|<=64),256,passkey_16class,sparse (local w=64),1.0
local target (|dist|<=64),256,passkey_16class,flash/SDPA (exact),1.0
local target (|dist|<=64),512,passkey_16class,softmax (naive),1.0
local target (|dist|<=64),512,passkey_16class,linear (ReLU+1),0.05
local target (|dist|<=64),512,passkey_16class,sparse (local w=64),1.0
local target (|dist|<=64),512,passkey_16class,flash/SDPA (exact),1.0
local target (|dist|<=64),1024,passkey_16class,softmax (naive),1.0
local target (|dist|<=64),1024,passkey_16class,linear (ReLU+1),0.05
local target (|dist|<=64),1024,passkey_16class,sparse (local w=64),1.0
local target (|dist|<=64),1024,passkey_16class,flash/SDPA (exact),1.0
local target (|dist|<=64),2048,passkey_16class,softmax (naive),1.0
local target (|dist|<=64),2048,passkey_16class,linear (ReLU+1),0.2
local target (|dist|<=64),2048,passkey_16class,sparse (local w=64),1.0
local target (|dist|<=64),2048,passkey_16class,flash/SDPA (exact),1.0
local target (|dist|<=64),4096,passkey_16class,softmax (naive),1.0
local target (|dist|<=64),4096,passkey_16class,linear (ReLU+1),0.0
local target (|dist|<=64),4096,passkey_16class,sparse (local w=64),1.0
local target (|dist|<=64),4096,passkey_16class,flash/SDPA (exact),1.0
